Model,MAE,RMSE,R2-Score
Linear Regression,71061.68743478078,102962.06362937378,-0.25392799475686667
Random Forest,80821.66666666667,115281.77700746983,-0.5719525993357288
